{
    "status": "ok", 
    "articles": [
        {
            "description": "Photo: William Hook ( Unsplash ) There\u2019s a special corner in Tech Hell reserved for app developers who try to sucker people into paying obscene amounts of money for an underwhelming product. I\u2019m not talking about the kinds of situations where you\u2019re pissed of\u2026", 
            "title": "How to Not Get Scammed by Bogus Subscription Apps", 
            "url": "https://lifehacker.com/how-to-not-get-scammed-by-bogus-subscription-apps-1829831182", 
            "author": "David Murphy", 
            "publishedAt": "2018-10-18T14:00:00Z", 
            "content": "Theres a special corner in Tech Hell reserved for app developers who try to sucker people into paying obscene amounts of money for an underwhelming product. Im not talking about the kinds of situations where youre pissed off because your favorite bands album \u2026 [+5236 chars]", 
            "source": {
                "id": null, 
                "name": "Lifehacker.com"
            }, 
            "urlToImage": "https://i.kinja-img.com/gawker-media/image/upload/s--D7JrM3Vq--/c_fill,fl_progressive,g_center,h_900,q_80,w_1600/xkcuaf12ye3nmn0wcbjw.jpg"
        }, 
        {
            "description": "Apple likes to describe its press conferences as celebratory events. And while, admittedly, the traffic they draw may elicit some cheers from tech sites, they\u2019re merely blips on the average person\u2019s radar. Read more...", 
            "title": "Sign Up to Watch Next Week's Mac Event at an Apple Store", 
            "url": "https://lifehacker.com/sign-up-to-watch-next-weeks-mac-event-at-an-apple-store-1829997842", 
            "author": "Mike Epstein", 
            "publishedAt": "2018-10-25T16:30:00Z", 
            "content": "Apple likes to describe its press conferences as celebratory events. And while, admittedly, the traffic they draw may elicit some cheers from tech sites, theyre merely blips on the average persons radar. But the people that care, really care. If the idea of w\u2026 [+3696 chars]", 
            "source": {
                "id": null, 
                "name": "Lifehacker.com"
            }, 
            "urlToImage": "https://i.kinja-img.com/gawker-media/image/upload/s--KCtbggdT--/c_fill,fl_progressive,g_center,h_900,q_80,w_1600/euiktq7vpitqfy3wmhff.jpg"
        }, 
        {
            "description": "Most Apple Watch owners already know that you can bounce between different watch faces by flicking your finger across its screen. But did you also know that you can use your own photos and images as your Apple Watch\u2019s wallpaper? You can display a single photo\u2026", 
            "title": "How to Use Your Own Photos as Your Apple Watch Wallpaper", 
            "url": "https://lifehacker.com/how-to-use-your-own-photos-as-your-apple-watch-wallpape-1829851390", 
            "author": "Lance Whitney", 
            "publishedAt": "2018-10-19T15:30:00Z", 
            "content": "Most Apple Watch owners already know that you can bounce between different watch faces by flicking your finger across its screen. But did you also know that you can use your own photos and images as your Apple Watchs wallpaper? You can display a single photo \u2026 [+4368 chars]", 
            "source": {
                "id": null, 
                "name": "Lifehacker.com"
            }, 
            "urlToImage": "https://i.kinja-img.com/gawker-media/image/upload/s--uTG_OTz5--/c_fill,fl_progressive,g_center,h_900,q_80,w_1600/xghr5fyyafq59qgn5sni.jpg"
        }, 
        {
            "description": "I\u2019m not big into the crazier Apple Watch faces\u2014the ones that try to fill your watch\u2019s face with the time, data points, and other icons you tap to access this or that. But even though I\u2019m a purist, I\u2019ve installed the third-party complication Better Day ($2) an\u2026", 
            "title": "'Better Day' Is a Much Better Calendar Complication for Your Apple Watch", 
            "url": "https://lifehacker.com/better-day-is-a-much-better-calendar-complication-for-y-1829616313", 
            "author": "David Murphy", 
            "publishedAt": "2018-10-10T15:30:00Z", 
            "content": "Im not big into the crazier Apple Watch facesthe ones that try to fill your watchs face with the time, data points, and other icons you tap to access this or that. But even though Im a purist, Ive installed the third-party complication Better Day ($2) and swi\u2026 [+2089 chars]", 
            "source": {
                "id": null, 
                "name": "Lifehacker.com"
            }, 
            "urlToImage": "https://i.kinja-img.com/gawker-media/image/upload/s--Qr8AXqr6--/c_fill,fl_progressive,g_center,h_900,q_80,w_1600/kkcj286avdqoamapkhc3.png"
        }, 
        {
            "description": "Apple is expected to announce a ton of new stuff this Tuesday, including a new iPad Pro with Face ID, a new MacBook Air, and maybe an iPad or Mac Mini. The event is going down in Brooklyn, and is invite only. If you didn\u2019t make it to the guest list you can st\u2026", 
            "title": "How to Livestream Apple's October iPad Event Tuesday", 
            "url": "https://lifehacker.com/how-to-livestream-apples-october-ipad-event-tuesday-1830055208", 
            "author": "Emily Price", 
            "publishedAt": "2018-10-28T16:00:00Z", 
            "content": "Apple is expected to announce a ton of new stuff this Tuesday, including a new iPad Pro with Face ID, a new MacBook Air, and maybe an iPad or Mac Mini. The event is going down in Brooklyn, and is invite only. If you didnt make it to the guest list you can sti\u2026 [+1038 chars]", 
            "source": {
                "id": null, 
                "name": "Lifehacker.com"
            }, 
            "urlToImage": "https://i.kinja-img.com/gawker-media/image/upload/s--Dxft3aW9--/c_fill,fl_progressive,g_center,h_900,q_80,w_1600/ilsnyhubdqhl4de9w9kj.jpg"
        }, 
        {
            "description": "In a recent blog post titled \u201cHardening macOS,\u201d Ricard Bejarano offers an extensive list of settings you can tweak to make macOS as secure as possible. It\u2019s a comprehensive list of tasks\u2014and we love it\u2014but it\u2019s important that you understand the \u201cwhy\u201d behind h\u2026", 
            "title": "How to Make Your Mac as Secure as Possible", 
            "url": "https://lifehacker.com/how-to-make-your-mac-as-secure-as-possible-1829531978", 
            "author": "Brett Terpstra", 
            "publishedAt": "2018-10-05T18:30:00Z", 
            "content": "In a recent blog post titled Hardening macOS, Ricard Bejarano offers an extensive list of settings you can tweak to make macOS as secure as possible. Its a comprehensive list of tasksand we love itbut its important that you understand the why behind his recom\u2026 [+7090 chars]", 
            "source": {
                "id": null, 
                "name": "Lifehacker.com"
            }, 
            "urlToImage": "https://i.kinja-img.com/gawker-media/image/upload/s--xNXH-Fib--/c_fill,fl_progressive,g_center,h_900,q_80,w_1600/j7yqzgqqfprdy1tpq9bs.png"
        }, 
        {
            "description": "I\u2019m usually a Google Calendar user, but since moving more and more to my MacBook Air, I\u2019ve started incorporating Apple Calendar into my routine, as well. I like the layout, and I like the new dark mode that came with MacOS Mojave. Read more...", 
            "title": "Have a File Automatically Open When Adding an Event in Apple Calendar", 
            "url": "https://lifehacker.com/have-a-file-automatically-open-when-adding-an-event-in-1829960749", 
            "author": "Mark O'Neill", 
            "publishedAt": "2018-10-25T20:30:00Z", 
            "content": "Im usually a Google Calendar user, but since moving more and more to my MacBook Air, Ive started incorporating Apple Calendar into my routine, as well. I like the layout, and I like the new dark mode that came with MacOS Mojave. But, via iDownloadBlog, Apple \u2026 [+1303 chars]", 
            "source": {
                "id": null, 
                "name": "Lifehacker.com"
            }, 
            "urlToImage": "https://i.kinja-img.com/gawker-media/image/upload/s--OdW85b59--/c_fill,fl_progressive,g_center,h_900,q_80,w_1600/pxfm7ne1ylq6u2jg68z3.jpg"
        }, 
        {
            "description": "At Apple\u2019s big October event today, the Mac-maker announced revamped versions of three products, two of which haven\u2019t received this kind of treatment in a long time. Apple has only made the slightest upgrades to the Macbook Air since it was last redesigned in\u2026", 
            "title": "The 6 Most Important Announcements From Apple\u2019s October 2018 Event", 
            "url": "https://lifehacker.com/the-6-most-important-announcements-from-apple-s-october-1830107703", 
            "author": "Mike Epstein", 
            "publishedAt": "2018-10-30T20:40:00Z", 
            "content": "At Apples big October event today, the Mac-maker announced revamped versions of three products, two of which havent received this kind of treatment in a long time. Apple has only made the slightest upgrades to the Macbook Air since it was last redesigned in 2\u2026 [+8095 chars]", 
            "source": {
                "id": null, 
                "name": "Lifehacker.com"
            }, 
            "urlToImage": "https://i.kinja-img.com/gawker-media/image/upload/s--Rl9Rq6iL--/c_fill,fl_progressive,g_center,h_900,q_80,w_1600/uawpveillydzdy3i2gkj.png"
        }, 
        {
            "description": "Apple just announced a suite of new computers\u2014new iPad Pros, Mac Minis, and a new Macbook Air. (We\u2019re very excited about that last one). All of these shiny chrome devices are coming soon, hitting stores next Wednesday, November 7. Conventional wisdom dictates\u2026", 
            "title": "How to Pre-Order the New Macbook Air and iPad Pro", 
            "url": "https://lifehacker.com/how-to-pre-order-the-new-macbook-air-and-ipad-pro-1830100127", 
            "author": "Mike Epstein", 
            "publishedAt": "2018-10-30T16:35:00Z", 
            "content": "Apple just announced a suite of new computersnew iPad Pros, Mac Minis, and a new Macbook Air. (Were very excited about that last one). All of these shiny chrome devices are coming soon, hitting stores next Wednesday, November 7. Conventional wisdom dictates w\u2026 [+2379 chars]", 
            "source": {
                "id": null, 
                "name": "Lifehacker.com"
            }, 
            "urlToImage": "https://i.kinja-img.com/gawker-media/image/upload/s--q5yRbDOX--/c_fill,fl_progressive,g_center,h_900,q_80,w_1600/lzk0iyihpyvjkmtwvgom.png"
        }, 
        {
            "description": "Apple cider vinegar doesn\u2019t shine your hair or rev your metabolism. Yoga is good exercise but not a miracle cure. Homeopathy is useless. On the other hand, light therapy can help seasonal depression. Alternative medicine is kind of a grab bag, and it can be t\u2026", 
            "title": "Here's a Handy Cheat Sheet for Which Alternative Therapies Actually Work", 
            "url": "https://vitals.lifehacker.com/heres-a-handy-cheat-sheet-for-which-alternative-therapi-1829971996", 
            "author": "Beth Skwarecki on Vitals, shared by Beth Skwarecki to Lifehacker", 
            "publishedAt": "2018-10-24T18:00:00Z", 
            "content": "Apple cider vinegar doesnt shine your hair or rev your metabolism. Yoga is good exercise but not a miracle cure. Homeopathy is useless. On the other hand, light therapy can help seasonal depression. Alternative medicine is kind of a grab bag, and it can be to\u2026 [+496 chars]", 
            "source": {
                "id": null, 
                "name": "Lifehacker.com"
            }, 
            "urlToImage": "https://i.kinja-img.com/gawker-media/image/upload/s--0qeHTNbD--/c_fill,fl_progressive,g_center,h_900,q_80,w_1600/l3agmopemxgdsc79vhho.jpg"
        }, 
        {
            "description": "Last month, the Internet Archive added a Commodore 64 emulator to its ever-growing library of historical software, effectively bringing the retro computer/game console to the public domain. Like the Internet Archive\u2019s libraries of MS-DOS and Apple II programs\u2026", 
            "title": "How to Play Commodore 64 Games Online for Free", 
            "url": "https://lifehacker.com/how-to-play-commodore-64-games-online-for-free-1829660762", 
            "author": "Mike Epstein", 
            "publishedAt": "2018-10-10T19:00:00Z", 
            "content": "Last month, the Internet Archive added a Commodore 64 emulator to its ever-growing library of historical software, effectively bringing the retro computer/game console to the public domain. Like the Internet Archives libraries of MS-DOS and Apple II programs,\u2026 [+2515 chars]", 
            "source": {
                "id": null, 
                "name": "Lifehacker.com"
            }, 
            "urlToImage": "https://i.kinja-img.com/gawker-media/image/upload/s--pTCG4V-K--/c_fill,fl_progressive,g_center,h_900,q_80,w_1600/mem9gi8qk12aazrvgtjf.png"
        }, 
        {
            "description": "A few years ago when I cracked my iPhone 5 screen for the 20th time, I ordered a repair kit from iFixit and repaired it myself. Replacing the display was surprisingly easy, and doing it myself was considerably cheaper than getting Apple or someone else to do \u2026", 
            "title": "How to Buy Replacement Parts for Your Motorola Phone", 
            "url": "https://lifehacker.com/how-to-buy-replacement-parts-for-your-motorola-phone-1829946262", 
            "author": "Emily Price", 
            "publishedAt": "2018-10-24T13:30:00Z", 
            "content": "A few years ago when I cracked my iPhone 5 screen for the 20th time, I ordered a repair kit from iFixit and repaired it myself. Replacing the display was surprisingly easy, and doing it myself was considerably cheaper than getting Apple or someone else to do \u2026 [+2287 chars]", 
            "source": {
                "id": null, 
                "name": "Lifehacker.com"
            }, 
            "urlToImage": "https://i.kinja-img.com/gawker-media/image/upload/s--K53hHg1K--/c_fill,fl_progressive,g_center,h_900,q_80,w_1600/n7oh72be8uyrcaxeywou.png"
        }, 
        {
            "description": "For whatever reason, Apple launched iOS 12&#39;s Shortcuts app without offering users any kind of centralized hub for storing and sharing the useful shortcuts they create. So, this happens: You find a neat shortcut online, you pull up Safari on your iOS devic\u2026", 
            "title": "Keep Your Your Favorite iOS Shortcuts Up to Date With RoutineHub", 
            "url": "https://lifehacker.com/keep-your-your-favorite-ios-shortcuts-up-to-date-with-r-1829712094", 
            "author": "David Murphy", 
            "publishedAt": "2018-10-12T20:00:00Z", 
            "content": "For whatever reason, Apple launched iOS 12's Shortcuts app without offering users any kind of centralized hub for storing and sharing the useful shortcuts they create. So, this happens: You find a neat shortcut online, you pull up Safari on your iOS device an\u2026 [+1658 chars]", 
            "source": {
                "id": null, 
                "name": "Lifehacker.com"
            }, 
            "urlToImage": "https://i.kinja-img.com/gawker-media/image/upload/s--tMrGKcta--/c_fill,fl_progressive,g_center,h_900,q_80,w_1600/pcszfj0lswr2wv0gca3w.png"
        }, 
        {
            "description": "Should you install a public beta of iOS on your primacy iPhone or iPad? Most people caution against it\u2014especially when a beta is in its earlier stages, since you never know what kind of bugs might brick that-which-you-use-your-iPhone-to-do (or your favorite a\u2026", 
            "title": "How to Install the iOS 12.1 Public Beta", 
            "url": "https://lifehacker.com/how-to-install-the-ios-12-1-public-beta-1829787466", 
            "author": "David Murphy", 
            "publishedAt": "2018-10-16T20:30:00Z", 
            "content": "I have seen the future, and it is Group FaceTime. Should you install a public beta of iOS on your primacy iPhone or iPad? Most people caution against itespecially when a beta is in its earlier stages, since you never know what kind of bugs might brick that-wh\u2026 [+1383 chars]", 
            "source": {
                "id": null, 
                "name": "Lifehacker.com"
            }, 
            "urlToImage": "https://i.kinja-img.com/gawker-media/image/upload/s--uie_xudG--/c_fill,fl_progressive,g_center,h_900,q_80,w_1600/gl5tuxp419lh7ci5ewe9.jpg"
        }, 
        {
            "description": "Using Apple\u2019s \u201ctop podcasts\u201d lists to find new podcasts is like using Nielsen ratings to discover new TV shows. You\u2019re missing out on so much good shit. The top lists are dominated by a few categories (business, news, and true crime) and perpetually popular s\u2026", 
            "title": "How to Find Better Podcast Recommendations", 
            "url": "https://lifehacker.com/how-to-find-better-podcast-recommendations-1829864463", 
            "author": "Nick Douglas", 
            "publishedAt": "2018-10-19T18:00:00Z", 
            "content": "Using Apples top podcasts lists to find new podcasts is like using Nielsen ratings to discover new TV shows. Youre missing out on so much good shit. The top lists are dominated by a few categories (business, news, and true crime) and perpetually popular shows\u2026 [+3712 chars]", 
            "source": {
                "id": null, 
                "name": "Lifehacker.com"
            }, 
            "urlToImage": "https://i.kinja-img.com/gawker-media/image/upload/s--XMiuVSal--/c_fill,fl_progressive,g_center,h_900,q_80,w_1600/bulb1d30jve9hb6cq96a.jpg"
        }, 
        {
            "description": "Photo bloat is real, people. Most of us forget about all of our selfies, food shots, and random photos shortly after we post them to Instagram, Snapchat, Twitter, Facebook, et al. But your phone doesn\u2019t. The files sit in the camera roll in your Photos app, ta\u2026", 
            "title": "Clear Out Your Camera Roll With an iOS Shortcut", 
            "url": "https://lifehacker.com/clear-out-your-camera-roll-with-an-ios-shortcut-1829789054", 
            "author": "Mike Epstein", 
            "publishedAt": "2018-10-17T13:30:00Z", 
            "content": "Photo bloat is real, people. Most of us forget about all of our selfies, food shots, and random photos shortly after we post them to Instagram, Snapchat, Twitter, Facebook, et al. But your phone doesnt. The files sit in the camera roll in your Photos app, tak\u2026 [+1320 chars]", 
            "source": {
                "id": null, 
                "name": "Lifehacker.com"
            }, 
            "urlToImage": "https://i.kinja-img.com/gawker-media/image/upload/s--7TG_1kBq--/c_fill,fl_progressive,g_center,h_900,q_80,w_1600/ywybqg6k0wv4zlxgosq0.jpg"
        }, 
        {
            "description": "iOS 12.1 is officially available for iPhones and iPads. The next generation of the operating system comes with a number of new features for your iPhones and iPads. Here\u2019s a quick look at what\u2019s worth checking out in the latest update\u2014and how to get it right n\u2026", 
            "title": "The Best New Features in iOS 12.1", 
            "url": "https://lifehacker.com/the-best-new-features-in-ios-12-1-1830092541", 
            "author": "Emily Price", 
            "publishedAt": "2018-10-30T10:45:00Z", 
            "content": "iOS 12.1 is officially available for iPhones and iPads. The next generation of the operating system comes with a number of new features for your iPhones and iPads. Heres a quick look at whats worth checking out in the latest updateand how to get it right now.\u2026 [+2425 chars]", 
            "source": {
                "id": null, 
                "name": "Lifehacker.com"
            }, 
            "urlToImage": "https://i.kinja-img.com/gawker-media/image/upload/s--oz7p5Q-8--/c_fill,fl_progressive,g_center,h_900,q_80,w_1600/smxsneqni3j3tvhpvax7.jpg"
        }, 
        {
            "description": "Thanksgiving menus aren\u2019t exactly cradles of innovation. Some people refuse to mess with tradition, and tweaking the classics can be a real gamble\u2014especially when it comes to pie. But if you\u2019re sick of the same old pumpkin and pecan, slip in a little miso pas\u2026", 
            "title": "Improve Your Favorite Thanksgiving Pies by Adding a Little Miso", 
            "url": "https://skillet.lifehacker.com/improve-your-favorite-thanksgiving-pies-by-adding-a-lit-1830138102", 
            "author": "A.A. Newton on Skillet, shared by A.A. Newton to Lifehacker", 
            "publishedAt": "2018-11-01T16:00:00Z", 
            "content": "Thanksgiving menus arent exactly cradles of innovation. Some people refuse to mess with tradition, and tweaking the classics can be a real gambleespecially when it comes to pie. But if youre sick of the same old pumpkin and pecan, slip in a little miso paste \u2026 [+1906 chars]", 
            "source": {
                "id": null, 
                "name": "Lifehacker.com"
            }, 
            "urlToImage": "https://i.kinja-img.com/gawker-media/image/upload/s--XEB3xVoB--/c_fill,fl_progressive,g_center,h_900,q_80,w_1600/pnjrgazlxplfdjo8lk5z.jpg"
        }, 
        {
            "description": "Because why not, Apple has tweaked App Store product pages and made it impossible for you to see an app\u2019s in-app purchases prior to buying it. Why does this matter? Because if you throw down $5 for an app, you\u2019re probably expecting it to have all the features\u2026", 
            "title": "How to Find an iOS App's In-App Purchases Before You Buy It", 
            "url": "https://lifehacker.com/how-to-find-an-ios-apps-in-app-purchases-before-you-buy-1830080008", 
            "author": "David Murphy", 
            "publishedAt": "2018-10-30T14:00:00Z", 
            "content": "Because why not, Apple has tweaked App Store product pages and made it impossible for you to see an apps in-app purchases prior to buying it. Why does this matter? Because if you throw down $5 for an app, youre probably expecting it to have all the features y\u2026 [+1879 chars]", 
            "source": {
                "id": null, 
                "name": "Lifehacker.com"
            }, 
            "urlToImage": "https://i.kinja-img.com/gawker-media/image/upload/s--LHTdlbrl--/c_fill,fl_progressive,g_center,h_900,q_80,w_1600/ujp4p9v67jzumgbpvnlo.png"
        }, 
        {
            "description": "My favorite Chrome extension for ad-blocking and privacy, Ghostery, has a new version for Safari on macOS: GhosteryLite. Read more...", 
            "title": "How to Make Safari Even More Secure With GhosteryLite", 
            "url": "https://lifehacker.com/how-to-make-safari-even-more-secure-with-ghosterylite-1830072506", 
            "author": "Brett Terpstra", 
            "publishedAt": "2018-10-30T14:30:00Z", 
            "content": "My favorite Chrome extension for ad-blocking and privacy, Ghostery, has a new version for Safari on macOS: GhosteryLite. The latest version of Safari comes with pretty solid privacy features, but Apple also provided a Content Blocker API to allow extensions l\u2026 [+1202 chars]", 
            "source": {
                "id": null, 
                "name": "Lifehacker.com"
            }, 
            "urlToImage": "https://i.kinja-img.com/gawker-media/image/upload/s--lhUx0nEp--/c_fill,fl_progressive,g_center,h_900,q_80,w_1600/hyu63ciynp2l9kg8wxcb.jpg"
        }
    ], 
    "totalResults": 82246
}